,contractSymbol,lastTradeDate,strike,lastPrice,bid,ask,change,percentChange,volume,openInterest,impliedVolatility,inTheMoney,contractSize,currency,maturity
0,NVDA241115C00000500,2024-10-17 13:26:25 EDT-0400,0.5,139.12,136.25,136.8,3.9700012,2.9374778,401.0,10826.0,10.000003750000001,True,REGULAR,USD,2024-11-15
1,NVDA241115C00001000,2024-08-15 14:04:01 EDT-0400,1.0,122.15,117.8,118.35,0.0,0.0,20.0,90.0,1.0000000000000003e-05,True,REGULAR,USD,2024-11-15
2,NVDA241115C00001500,2024-09-16 10:43:51 EDT-0400,1.5,115.4,131.25,131.6,0.0,0.0,1.0,1.0,1.0000000000000003e-05,True,REGULAR,USD,2024-11-15
3,NVDA241115C00002000,2024-07-05 11:02:45 EDT-0400,2.0,124.36,104.35,106.4,0.0,0.0,2.0,2.0,1.0000000000000003e-05,True,REGULAR,USD,2024-11-15
4,NVDA241115C00003000,2024-08-08 09:32:39 EDT-0400,3.0,98.4,95.5,102.25,0.0,0.0,1.0,3.0,1.0000000000000003e-05,True,REGULAR,USD,2024-11-15
5,NVDA241115C00003500,2024-06-06 09:55:05 EDT-0400,3.5,116.6,122.2,123.0,0.0,0.0,,10.0,1.0000000000000003e-05,True,REGULAR,USD,2024-11-15
6,NVDA241115C00004000,2024-09-16 10:43:21 EDT-0400,4.0,113.0,128.85,129.35,0.0,0.0,1.0,115.0,1.0000000000000003e-05,True,REGULAR,USD,2024-11-15
7,NVDA241115C00004500,2024-09-16 10:43:27 EDT-0400,4.5,112.45,128.4,128.85,0.0,0.0,,1.0,1.0000000000000003e-05,True,REGULAR,USD,2024-11-15
8,NVDA241115C00005000,2024-10-10 14:02:50 EDT-0400,5.0,129.63,131.75,132.2,0.0,0.0,3.0,20.0,4.562504296875,True,REGULAR,USD,2024-11-15
9,NVDA241115C00006000,2024-09-18 14:35:54 EDT-0400,6.0,111.2,130.7,131.25,0.0,0.0,,3.0,4.2812546484375,True,REGULAR,USD,2024-11-15
10,NVDA241115C00007000,2024-09-18 14:35:54 EDT-0400,7.0,110.21,129.7,130.25,0.0,0.0,,4.0,4.062504921875,True,REGULAR,USD,2024-11-15
11,NVDA241115C00007500,2024-07-26 10:55:19 EDT-0400,7.5,105.35,120.9,122.9,0.0,0.0,10.0,20.0,1.0000000000000003e-05,True,REGULAR,USD,2024-11-15
12,NVDA241115C00008500,2024-10-15 11:35:46 EDT-0400,8.5,123.77,128.2,128.75,0.0,0.0,2.0,42.0,3.7656255859375003,True,REGULAR,USD,2024-11-15
13,NVDA241115C00009000,2024-10-15 11:35:46 EDT-0400,9.0,123.24,127.7,128.25,0.0,0.0,2.0,43.0,3.6875007812500002,True,REGULAR,USD,2024-11-15
14,NVDA241115C00009500,2024-09-16 10:43:19 EDT-0400,9.5,107.6,123.35,123.8,0.0,0.0,,1.0,1.0000000000000003e-05,True,REGULAR,USD,2024-11-15
15,NVDA241115C00010000,2024-10-02 09:50:38 EDT-0400,10.0,106.3,126.75,127.25,0.0,0.0,4.0,9.0,3.718750703125,True,REGULAR,USD,2024-11-15
16,NVDA241115C00012000,2024-09-20 10:37:06 EDT-0400,12.0,105.27,124.75,125.25,0.0,0.0,82.0,122.0,3.44531388671875,True,REGULAR,USD,2024-11-15
17,NVDA241115C00013000,2024-08-08 15:50:01 EDT-0400,13.0,92.3,86.0,93.05,0.0,0.0,,2.0,1.0000000000000003e-05,True,REGULAR,USD,2024-11-15
18,NVDA241115C00014000,2024-07-31 10:06:37 EDT-0400,14.0,101.5,103.15,107.2,0.0,0.0,1.0,1.0,1.0000000000000003e-05,True,REGULAR,USD,2024-11-15
19,NVDA241115C00015000,2024-10-15 12:08:48 EDT-0400,15.0,115.7,121.75,122.25,0.0,0.0,1.0,88.0,3.1171897070312498,True,REGULAR,USD,2024-11-15
20,NVDA241115C00016000,2024-10-16 11:29:19 EDT-0400,16.0,118.45,120.75,121.3,0.0,0.0,30.0,82.0,3.13281466796875,True,REGULAR,USD,2024-11-15
21,NVDA241115C00017000,2024-10-15 15:19:29 EDT-0400,17.0,113.92,119.75,120.3,0.0,0.0,90.0,78.0,3.0468773828125,True,REGULAR,USD,2024-11-15
22,NVDA241115C00018000,2024-09-19 10:17:17 EDT-0400,18.0,101.25,118.75,119.3,0.0,0.0,10.0,85.0,2.9609400976562497,True,REGULAR,USD,2024-11-15
23,NVDA241115C00019000,2024-09-19 12:54:15 EDT-0400,19.0,100.57,117.75,118.3,0.0,0.0,27.0,137.0,2.8750028125,True,REGULAR,USD,2024-11-15
24,NVDA241115C00020000,2024-10-17 10:50:26 EDT-0400,20.0,118.95,116.8,117.3,4.649994,4.068236,10.0,149.0,2.88281529296875,True,REGULAR,USD,2024-11-15
25,NVDA241115C00021000,2024-10-16 12:25:25 EDT-0400,21.0,113.3,115.8,116.4,0.0,0.0,10.0,258.0,2.9414088964843748,True,REGULAR,USD,2024-11-15
26,NVDA241115C00022000,2024-10-17 15:59:27 EDT-0400,22.0,115.16,114.8,115.4,1.0100021,0.8848026,1.0,482.0,2.86719033203125,True,REGULAR,USD,2024-11-15
27,NVDA241115C00023000,2024-10-09 10:52:45 EDT-0400,23.0,109.85,113.8,114.3,0.0,0.0,2.0,171.0,2.6718783203125005,True,REGULAR,USD,2024-11-15
28,NVDA241115C00024000,2024-10-16 09:30:08 EDT-0400,24.0,109.85,112.8,113.3,0.0,0.0,1.0,106.0,2.6093784765625,True,REGULAR,USD,2024-11-15
29,NVDA241115C00025000,2024-10-02 10:35:40 EDT-0400,25.0,93.15,111.8,112.3,0.0,0.0,2.0,55.0,2.5468786328124997,True,REGULAR,USD,2024-11-15
30,NVDA241115C00026000,2024-10-17 14:57:24 EDT-0400,26.0,112.96,110.8,111.35,21.269997,23.19773,20.0,81.0,2.550784873046875,True,REGULAR,USD,2024-11-15
31,NVDA241115C00027000,2024-10-02 12:28:49 EDT-0400,27.0,92.23,109.8,110.35,0.0,0.0,10.0,128.0,2.49219126953125,True,REGULAR,USD,2024-11-15
32,NVDA241115C00028000,2024-10-14 13:18:08 EDT-0400,28.0,110.59,108.8,109.35,0.0,0.0,10.0,91.0,2.43750390625,True,REGULAR,USD,2024-11-15
33,NVDA241115C00029000,2024-10-15 13:11:00 EDT-0400,29.0,102.29,107.8,108.35,0.0,0.0,30.0,132.0,2.3867227832031244,True,REGULAR,USD,2024-11-15
34,NVDA241115C00030000,2024-10-08 10:50:54 EDT-0400,30.0,107.43,106.85,107.4,4.6100006,4.483564,2.0,502.0,2.42969142578125,True,REGULAR,USD,2024-11-15
35,NVDA241115C00031000,2024-10-15 13:18:46 EDT-0400,31.0,100.15,105.85,106.45,0.0,0.0,10.0,322.0,2.4179727050781246,True,REGULAR,USD,2024-11-15
36,NVDA241115C00032000,2024-10-17 15:57:46 EDT-0400,32.0,105.14,104.9,105.4,3.8099976,3.7599897,31.0,1054.0,2.3671915820312495,True,REGULAR,USD,2024-11-15
37,NVDA241115C00033000,2024-10-15 15:16:39 EDT-0400,33.0,97.95,103.85,104.35,0.0,0.0,10.0,139.0,2.2382856542968748,True,REGULAR,USD,2024-11-15
38,NVDA241115C00034000,2024-10-15 12:20:03 EDT-0400,34.0,106.03,102.85,103.45,8.68,8.916282,1.0,320.0,2.2714886962890626,True,REGULAR,USD,2024-11-15
39,NVDA241115C00035000,2024-10-16 11:46:29 EDT-0400,35.0,99.1,101.9,102.35,0.0,0.0,79.0,739.0,2.1875045312499997,True,REGULAR,USD,2024-11-15
40,NVDA241115C00036000,2024-10-08 14:13:36 EDT-0400,36.0,96.51,100.85,101.4,0.0,0.0,10.0,120.0,2.144535888671875,True,REGULAR,USD,2024-11-15
41,NVDA241115C00037000,2024-10-14 10:39:55 EDT-0400,37.0,102.56,99.9,100.5,0.0,0.0,10.0,416.0,2.2031294921874993,True,REGULAR,USD,2024-11-15
42,NVDA241115C00038000,2024-10-16 11:01:20 EDT-0400,38.0,95.29,98.9,99.5,0.0,0.0,9.0,375.0,2.160160849609375,True,REGULAR,USD,2024-11-15
43,NVDA241115C00039000,2024-10-17 14:53:29 EDT-0400,39.0,100.0,97.85,98.4,18.529999,22.744566,10.0,149.0,2.021489321289063,True,REGULAR,USD,2024-11-15
44,NVDA241115C00040000,2024-10-17 09:58:09 EDT-0400,40.0,99.88,96.9,97.45,4.7299957,4.9710937,10.0,408.0,2.0468798828125,True,REGULAR,USD,2024-11-15
45,NVDA241115C00041000,2024-10-15 13:02:31 EDT-0400,41.0,90.49,95.9,96.5,0.0,0.0,20.0,423.0,2.037114282226563,True,REGULAR,USD,2024-11-15
46,NVDA241115C00042000,2024-10-17 15:53:47 EDT-0400,42.0,95.2,94.85,95.4,16.789993,21.413074,2.0,110.0,1.9062504687500001,True,REGULAR,USD,2024-11-15
47,NVDA241115C00043000,2024-10-15 15:07:46 EDT-0400,43.0,88.13,93.9,94.6,0.0,0.0,10.0,275.0,2.0117237207031247,True,REGULAR,USD,2024-11-15
48,NVDA241115C00044000,2024-10-07 11:59:02 EDT-0400,44.0,85.41,92.9,93.5,0.0,0.0,5.0,624.0,1.9238285058593751,True,REGULAR,USD,2024-11-15
49,NVDA241115C00045000,2024-10-17 10:34:03 EDT-0400,45.0,94.83,91.95,92.5,5.290001,5.907975,3.0,435.0,1.9140629296875002,True,REGULAR,USD,2024-11-15
50,NVDA241115C00046000,2024-10-08 13:09:41 EDT-0400,46.0,86.19,90.95,91.55,0.0,0.0,10.0,425.0,1.90234423828125,True,REGULAR,USD,2024-11-15
51,NVDA241115C00047000,2024-10-15 10:20:09 EDT-0400,47.0,86.1,89.9,90.45,0.0,0.0,10.0,98.0,1.79296978515625,True,REGULAR,USD,2024-11-15
52,NVDA241115C00048000,2024-10-17 15:52:26 EDT-0400,48.0,89.29,88.95,89.5,6.010002,7.216622,40.0,982.0,1.8085947070312498,True,REGULAR,USD,2024-11-15
53,NVDA241115C00049000,2024-10-15 13:46:41 EDT-0400,49.0,82.5,87.9,88.45,0.0,0.0,20.0,232.0,1.7265638671875,True,REGULAR,USD,2024-11-15
54,NVDA241115C00050000,2024-10-16 14:18:59 EDT-0400,50.0,86.21,87.0,87.55,0.0,0.0,68.0,1012.0,1.787110439453125,True,REGULAR,USD,2024-11-15
55,NVDA241115C00051000,2024-10-16 15:27:02 EDT-0400,51.0,85.28,85.9,86.45,0.0,0.0,1.0,226.0,1.6640641796875002,True,REGULAR,USD,2024-11-15
56,NVDA241115C00052000,2024-10-14 13:47:12 EDT-0400,52.0,87.08,84.95,85.6,0.0,0.0,2.0,860.0,1.72265763671875,True,REGULAR,USD,2024-11-15
57,NVDA241115C00053000,2024-10-14 11:18:31 EDT-0400,53.0,85.63,84.0,84.5,0.0,0.0,27.0,928.0,1.669923525390625,True,REGULAR,USD,2024-11-15
58,NVDA241115C00054000,2024-10-17 10:41:04 EDT-0400,54.0,85.79,83.0,83.6,7.7700043,9.958991,23.0,409.0,1.6787125439453123,True,REGULAR,USD,2024-11-15
59,NVDA241115C00055000,2024-10-17 15:05:38 EDT-0400,55.0,83.68,82.0,82.55,-0.3199997,-0.38095203,60.0,308.0,1.6298846630859374,True,REGULAR,USD,2024-11-15
60,NVDA241115C00056000,2024-10-10 15:53:58 EDT-0400,56.0,79.05,81.0,81.6,0.0,0.0,1.0,554.0,1.6181659716796877,True,REGULAR,USD,2024-11-15
61,NVDA241115C00057000,2024-10-17 14:55:11 EDT-0400,57.0,82.13,79.95,80.5,15.18,22.673637,10.0,186.0,1.5332054589843749,True,REGULAR,USD,2024-11-15
62,NVDA241115C00058000,2024-10-17 15:11:38 EDT-0400,58.0,80.94,79.0,79.55,4.3899994,5.7348127,72.0,763.0,1.54297103515625,True,REGULAR,USD,2024-11-15
63,NVDA241115C00059000,2024-10-17 15:45:00 EDT-0400,59.0,79.15,78.05,78.6,6.510002,8.9620075,10.0,4401.0,1.5488303808593749,True,REGULAR,USD,2024-11-15
64,NVDA241115C00060000,2024-10-17 11:27:01 EDT-0400,60.0,79.7,77.05,77.65,3.2999954,4.3193655,6.0,1004.0,1.5361351318359375,True,REGULAR,USD,2024-11-15
65,NVDA241115C00061000,2024-10-16 11:06:34 EDT-0400,61.0,72.45,76.05,76.7,0.0,0.0,1.0,673.0,1.5234398828124998,True,REGULAR,USD,2024-11-15
66,NVDA241115C00062000,2024-10-17 12:47:28 EDT-0400,62.0,77.55,75.05,75.6,21.720001,38.903812,1.0,671.0,1.46484642578125,True,REGULAR,USD,2024-11-15
67,NVDA241115C00063000,2024-10-17 10:06:15 EDT-0400,63.0,75.75,74.05,74.65,-1.0,-1.3029315,1.0,721.0,1.453127734375,True,REGULAR,USD,2024-11-15
68,NVDA241115C00064000,2024-10-15 10:37:36 EDT-0400,64.0,66.9,73.05,73.65,0.0,0.0,20.0,760.0,1.4267606787109375,True,REGULAR,USD,2024-11-15
69,NVDA241115C00065000,2024-10-16 14:48:54 EDT-0400,65.0,74.8,72.1,72.6,3.050003,4.2508755,5.0,1905.0,1.400393623046875,True,REGULAR,USD,2024-11-15
70,NVDA241115C00066000,2024-10-17 15:08:13 EDT-0400,66.0,72.87,71.1,71.65,3.1500015,4.5180745,20.0,1417.0,1.3886749316406248,True,REGULAR,USD,2024-11-15
71,NVDA241115C00067000,2024-10-15 09:46:48 EDT-0400,67.0,69.37,70.1,70.6,0.0,0.0,3.0,638.0,1.3496126269531248,True,REGULAR,USD,2024-11-15
72,NVDA241115C00068000,2024-10-15 13:38:55 EDT-0400,68.0,63.72,69.1,69.65,0.0,0.0,20.0,1024.0,1.3378939355468746,True,REGULAR,USD,2024-11-15
73,NVDA241115C00069000,2024-10-11 10:11:05 EDT-0400,69.0,66.6,68.15,68.65,0.0,0.0,26.0,1055.0,1.3261752441406247,True,REGULAR,USD,2024-11-15
74,NVDA241115C00070000,2024-10-17 15:08:19 EDT-0400,70.0,68.88,67.15,67.65,3.3299942,5.0800824,67.0,6590.0,1.3007847460937496,True,REGULAR,USD,2024-11-15
75,NVDA241115C00071000,2024-10-17 10:18:28 EDT-0400,71.0,68.5,66.15,66.65,3.3600006,5.158122,5.0,2111.0,1.2763708056640621,True,REGULAR,USD,2024-11-15
76,NVDA241115C00072000,2024-10-17 12:27:58 EDT-0400,72.0,67.88,65.15,65.7,0.7799988,1.1624423,400.0,1788.0,1.2646521142578124,True,REGULAR,USD,2024-11-15
77,NVDA241115C00073000,2024-10-15 10:09:08 EDT-0400,73.0,62.65,64.15,64.7,0.0,0.0,4.0,1723.0,1.2402381738281247,True,REGULAR,USD,2024-11-15
78,NVDA241115C00074000,2024-10-15 10:10:51 EDT-0400,74.0,61.15,63.15,63.7,0.0,0.0,62.0,885.0,1.2168007910156249,True,REGULAR,USD,2024-11-15
79,NVDA241115C00075000,2024-10-17 14:36:04 EDT-0400,75.0,63.7,62.2,62.7,1.6000023,2.5764933,556.0,5543.0,1.2041055419921873,True,REGULAR,USD,2024-11-15
80,NVDA241115C00076000,2024-10-16 14:43:01 EDT-0400,76.0,60.9,61.2,61.7,0.0,0.0,1.0,920.0,1.1811564379882813,True,REGULAR,USD,2024-11-15
81,NVDA241115C00077000,2024-10-15 13:30:26 EDT-0400,77.0,54.49,60.2,60.7,0.0,0.0,71.0,1089.0,1.158207333984375,True,REGULAR,USD,2024-11-15
82,NVDA241115C00078000,2024-10-16 09:47:27 EDT-0400,78.0,54.69,59.2,59.7,0.0,0.0,2.0,1174.0,1.1357465087890626,True,REGULAR,USD,2024-11-15
83,NVDA241115C00079000,2024-10-16 09:48:12 EDT-0400,79.0,53.71,58.2,58.75,0.0,0.0,2.0,1149.0,1.123051259765625,True,REGULAR,USD,2024-11-15
84,NVDA241115C00080000,2024-10-17 15:44:03 EDT-0400,80.0,58.3,57.25,57.75,2.2999992,4.1071415,81.0,9104.0,1.1103560107421875,True,REGULAR,USD,2024-11-15
85,NVDA241115C00081000,2024-10-15 15:11:37 EDT-0400,81.0,50.5,56.25,56.75,0.0,0.0,47.0,1746.0,1.0883834643554686,True,REGULAR,USD,2024-11-15
86,NVDA241115C00082000,2024-10-17 14:44:29 EDT-0400,82.0,57.12,55.3,55.6,6.84,13.603819,20.0,4532.0,1.0478563232421876,True,REGULAR,USD,2024-11-15
87,NVDA241115C00083000,2024-10-16 10:22:26 EDT-0400,83.0,51.25,54.25,54.65,0.0,0.0,1.0,1347.0,1.0263720556640625,True,REGULAR,USD,2024-11-15
88,NVDA241115C00084000,2024-10-16 09:43:15 EDT-0400,84.0,49.6,53.35,53.65,0.0,0.0,1.0,2816.0,1.0234423828125,True,REGULAR,USD,2024-11-15
89,NVDA241115C00085000,2024-10-17 13:09:14 EDT-0400,85.0,54.95,52.35,52.65,5.8500023,11.914466,30.0,5670.0,1.001958115234375,True,REGULAR,USD,2024-11-15
90,NVDA241115C00086000,2024-10-17 13:17:20 EDT-0400,86.0,54.05,51.35,51.7,7.549999,16.236557,20.0,2130.0,0.989257919921875,True,REGULAR,USD,2024-11-15
91,NVDA241115C00087000,2024-10-17 15:55:00 EDT-0400,87.0,50.9,50.4,50.7,1.9000015,3.8775542,10.0,1387.0,0.9765627343750001,True,REGULAR,USD,2024-11-15
92,NVDA241115C00088000,2024-10-17 13:34:23 EDT-0400,88.0,52.15,49.4,49.7,8.050003,18.253975,14.0,2575.0,0.956055126953125,True,REGULAR,USD,2024-11-15
93,NVDA241115C00089000,2024-10-17 11:45:17 EDT-0400,89.0,51.42,48.4,48.7,6.16,13.610252,441.0,1198.0,0.9350592431640624,True,REGULAR,USD,2024-11-15
94,NVDA241115C00090000,2024-10-17 15:53:00 EDT-0400,90.0,47.78,47.45,47.7,0.9300003,1.9850594,43.0,21978.0,0.9223640576171875,True,REGULAR,USD,2024-11-15
95,NVDA241115C00091000,2024-10-16 13:13:10 EDT-0400,91.0,47.31,46.4,46.75,2.460003,5.4849563,1.0,1281.0,0.9018564501953125,True,REGULAR,USD,2024-11-15
96,NVDA241115C00092000,2024-10-17 14:29:24 EDT-0400,92.0,47.36,45.45,45.8,4.5600014,10.654208,2.0,1995.0,0.8955088574218748,True,REGULAR,USD,2024-11-15
97,NVDA241115C00093000,2024-10-17 10:19:04 EDT-0400,93.0,46.75,44.5,44.8,8.349998,21.744787,6.0,2271.0,0.8823253955078124,True,REGULAR,USD,2024-11-15
98,NVDA241115C00094000,2024-10-17 10:30:47 EDT-0400,94.0,46.2,43.5,43.8,7.700001,20.000002,1.0,1152.0,0.8618177880859376,True,REGULAR,USD,2024-11-15
99,NVDA241115C00095000,2024-10-17 15:41:02 EDT-0400,95.0,43.45,42.55,42.85,1.75,4.1966424,42.0,4006.0,0.8544936425781251,True,REGULAR,USD,2024-11-15
100,NVDA241115C00096000,2024-10-17 12:00:32 EDT-0400,96.0,44.81,41.55,41.85,4.34,10.723992,36.0,2239.0,0.8344743115234373,True,REGULAR,USD,2024-11-15
101,NVDA241115C00097000,2024-10-17 12:00:32 EDT-0400,97.0,43.86,40.55,40.9,7.66,21.160221,36.0,3168.0,0.8205584350585937,True,REGULAR,USD,2024-11-15
102,NVDA241115C00098000,2024-10-17 11:47:00 EDT-0400,98.0,42.62,39.6,39.9,4.289997,11.192269,6.0,3401.0,0.80664255859375,True,REGULAR,USD,2024-11-15
103,NVDA241115C00099000,2024-10-17 12:54:47 EDT-0400,99.0,39.85,38.65,38.95,2.2599983,6.012233,12.0,5746.0,0.7976094458007812,True,REGULAR,USD,2024-11-15
104,NVDA241115C00100000,2024-10-17 15:53:29 EDT-0400,100.0,37.85,37.65,37.9,1.25,3.4153006,397.0,16591.0,0.772463212890625,True,REGULAR,USD,2024-11-15
105,NVDA241115C00101000,2024-10-17 15:36:02 EDT-0400,101.0,37.0,36.7,37.0,1.0,2.7777777,36.0,4777.0,0.7683128637695313,True,REGULAR,USD,2024-11-15
106,NVDA241115C00102000,2024-10-17 09:44:52 EDT-0400,102.0,38.1,35.75,36.0,3.1399994,8.981692,2.0,4285.0,0.7534204345703125,True,REGULAR,USD,2024-11-15
107,NVDA241115C00103000,2024-10-17 15:57:45 EDT-0400,103.0,35.07,34.8,35.05,0.84000015,2.4539883,25.0,6072.0,0.743166630859375,True,REGULAR,USD,2024-11-15
108,NVDA241115C00104000,2024-10-17 14:56:07 EDT-0400,104.0,35.7,33.8,34.15,5.2300014,17.164429,42.0,3713.0,0.7326686889648437,True,REGULAR,USD,2024-11-15
109,NVDA241115C00105000,2024-10-17 15:40:05 EDT-0400,105.0,33.7,32.9,33.15,2.17,6.882334,217.0,8758.0,0.7216824707031251,True,REGULAR,USD,2024-11-15
110,NVDA241115C00106000,2024-10-17 13:51:22 EDT-0400,106.0,33.54,31.9,32.2,2.0200005,6.408631,1016.0,5484.0,0.7060576269531251,True,REGULAR,USD,2024-11-15
111,NVDA241115C00107000,2024-10-17 15:54:35 EDT-0400,107.0,31.53,30.95,31.25,1.5799999,5.275459,14.0,2946.0,0.694338994140625,True,REGULAR,USD,2024-11-15
112,NVDA241115C00108000,2024-10-17 15:58:08 EDT-0400,108.0,30.32,30.05,30.3,0.7199993,2.43243,53.0,2783.0,0.6862824340820313,True,REGULAR,USD,2024-11-15
113,NVDA241115C00109000,2024-10-17 14:51:20 EDT-0400,109.0,31.05,29.05,29.4,4.5099983,16.99321,19.0,1984.0,0.6738313867187502,True,REGULAR,USD,2024-11-15
114,NVDA241115C00110000,2024-10-17 15:46:54 EDT-0400,110.0,28.91,28.2,28.45,1.8099995,6.6789646,1042.0,73838.0,0.6679720703125002,True,REGULAR,USD,2024-11-15
115,NVDA241115C00111000,2024-10-17 15:52:49 EDT-0400,111.0,27.5,27.25,27.55,0.4300003,1.5884755,962.0,11579.0,0.65820654296875,True,REGULAR,USD,2024-11-15
116,NVDA241115C00112000,2024-10-17 14:51:20 EDT-0400,112.0,28.25,26.3,26.6,2.58,10.050643,18.0,2318.0,0.6442906665039063,True,REGULAR,USD,2024-11-15
117,NVDA241115C00113000,2024-10-17 14:55:46 EDT-0400,113.0,27.32,25.35,25.7,2.92,11.967214,128.0,4637.0,0.6335485864257813,True,REGULAR,USD,2024-11-15
118,NVDA241115C00114000,2024-10-17 15:31:45 EDT-0400,114.0,25.63,24.5,24.8,1.3799992,5.6907177,35.0,4481.0,0.6281775463867189,True,REGULAR,USD,2024-11-15
119,NVDA241115C00115000,2024-10-17 15:59:09 EDT-0400,115.0,23.85,23.6,23.9,1.4099998,6.2834215,1116.0,22072.0,0.6191444335937502,True,REGULAR,USD,2024-11-15
120,NVDA241115C00116000,2024-10-17 15:57:46 EDT-0400,116.0,22.9,22.7,23.0,1.2799988,5.9204383,184.0,2675.0,0.6093789062500001,True,REGULAR,USD,2024-11-15
121,NVDA241115C00117000,2024-10-17 15:58:41 EDT-0400,117.0,22.15,21.9,22.15,1.1800003,5.627088,158.0,4286.0,0.6069375244140626,True,REGULAR,USD,2024-11-15
122,NVDA241115C00118000,2024-10-17 15:54:29 EDT-0400,118.0,21.4,21.05,21.25,1.3500004,6.733169,240.0,11657.0,0.5983926879882813,True,REGULAR,USD,2024-11-15
123,NVDA241115C00119000,2024-10-17 15:47:37 EDT-0400,119.0,20.9,20.2,20.4,1.7199993,8.967671,450.0,17448.0,0.5913126806640626,True,REGULAR,USD,2024-11-15
124,NVDA241115C00120000,2024-10-17 15:59:57 EDT-0400,120.0,19.45,19.4,19.55,1.0500011,5.706528,1200.0,32538.0,0.585941640625,True,REGULAR,USD,2024-11-15
125,NVDA241115C00121000,2024-10-17 15:54:35 EDT-0400,121.0,18.98,18.55,18.75,1.2799988,7.2316313,226.0,11859.0,0.5795940478515625,True,REGULAR,USD,2024-11-15
126,NVDA241115C00122000,2024-10-17 15:24:11 EDT-0400,122.0,19.05,17.6,17.95,2.1499996,12.721892,153.0,5490.0,0.5677533459472657,True,REGULAR,USD,2024-11-15
127,NVDA241115C00123000,2024-10-17 15:52:06 EDT-0400,123.0,17.23,16.95,17.15,1.1299992,7.018628,663.0,4563.0,0.5682416223144531,True,REGULAR,USD,2024-11-15
128,NVDA241115C00124000,2024-10-17 15:57:50 EDT-0400,124.0,16.4,16.2,16.35,1.1499996,7.5409813,4817.0,11844.0,0.5632367895507813,True,REGULAR,USD,2024-11-15
129,NVDA241115C00125000,2024-10-17 15:55:09 EDT-0400,125.0,15.77,15.45,15.6,1.1700001,8.013699,6120.0,34298.0,0.5590864404296876,True,REGULAR,USD,2024-11-15
130,NVDA241115C00126000,2024-10-17 15:34:12 EDT-0400,126.0,15.7,14.7,14.85,1.8000002,12.949642,317.0,4783.0,0.5537154003906251,True,REGULAR,USD,2024-11-15
131,NVDA241115C00127000,2024-10-17 15:55:39 EDT-0400,127.0,14.2,13.95,14.15,1.0500002,7.984792,430.0,7089.0,0.5493209130859377,True,REGULAR,USD,2024-11-15
132,NVDA241115C00128000,2024-10-17 15:56:41 EDT-0400,128.0,13.5,13.25,13.45,0.8999996,7.1428537,740.0,11328.0,0.5455367712402344,True,REGULAR,USD,2024-11-15
133,NVDA241115C00129000,2024-10-17 15:57:16 EDT-0400,129.0,12.82,12.6,12.7,1.04,8.828523,745.0,5439.0,0.5405319384765627,True,REGULAR,USD,2024-11-15
134,NVDA241115C00130000,2024-10-17 15:59:04 EDT-0400,130.0,12.02,11.95,12.05,0.77000046,6.8444486,10632.0,59906.0,0.5379684875488282,True,REGULAR,USD,2024-11-15
135,NVDA241115C00132000,2024-10-17 15:57:00 EDT-0400,132.0,10.86,10.65,10.8,0.8499994,8.491502,3044.0,25753.0,0.5308884802246094,True,REGULAR,USD,2024-11-15
136,NVDA241115C00134000,2024-10-17 15:58:19 EDT-0400,134.0,9.62,9.45,9.6,0.7699995,8.70056,3239.0,10951.0,0.5239305419921875,True,REGULAR,USD,2024-11-15
137,NVDA241115C00135000,2024-10-17 15:58:49 EDT-0400,135.0,8.97,8.9,9.0,0.6700001,8.072289,10464.0,43741.0,0.5202684692382812,True,REGULAR,USD,2024-11-15
138,NVDA241115C00136000,2024-10-17 15:58:36 EDT-0400,136.0,8.52,8.35,8.45,0.72000027,9.230773,5429.0,16358.0,0.5169726037597657,True,REGULAR,USD,2024-11-15
139,NVDA241115C00138000,2024-10-17 15:59:57 EDT-0400,138.0,7.4,7.35,7.45,0.5999999,8.823528,10174.0,10852.0,0.5129443237304687,False,REGULAR,USD,2024-11-15
140,NVDA241115C00140000,2024-10-17 15:59:57 EDT-0400,140.0,6.45,6.4,6.5,0.53999996,9.137055,38494.0,54472.0,0.5072070764160157,False,REGULAR,USD,2024-11-15
141,NVDA241115C00141000,2024-10-17 15:57:02 EDT-0400,141.0,6.13,5.95,6.05,0.6800003,12.47707,2978.0,6854.0,0.5039112109375,False,REGULAR,USD,2024-11-15
142,NVDA241115C00142000,2024-10-17 15:59:34 EDT-0400,142.0,5.67,5.55,5.65,0.5700002,11.176474,3831.0,11014.0,0.5026905200195313,False,REGULAR,USD,2024-11-15
143,NVDA241115C00143000,2024-10-17 15:54:29 EDT-0400,143.0,5.28,5.15,5.25,0.5500002,11.627911,1622.0,4603.0,0.5002491381835938,False,REGULAR,USD,2024-11-15
144,NVDA241115C00144000,2024-10-17 15:59:30 EDT-0400,144.0,4.85,4.8,4.9,0.44000006,9.977326,2463.0,6393.0,0.5031787963867188,False,REGULAR,USD,2024-11-15
145,NVDA241115C00145000,2024-10-17 15:59:55 EDT-0400,145.0,4.49,4.45,4.55,0.48999977,12.249994,15433.0,51672.0,0.5014698291015626,False,REGULAR,USD,2024-11-15
146,NVDA241115C00146000,2024-10-17 15:58:03 EDT-0400,146.0,4.2,4.1,4.2,0.42999983,11.405831,1869.0,4972.0,0.4985401708984375,False,REGULAR,USD,2024-11-15
147,NVDA241115C00147000,2024-10-17 15:54:52 EDT-0400,147.0,4.0,3.8,3.9,0.54999995,15.942028,1611.0,6499.0,0.4979298254394532,False,REGULAR,USD,2024-11-15
148,NVDA241115C00148000,2024-10-17 15:59:43 EDT-0400,148.0,3.55,3.5,3.6,0.3399999,10.591898,9937.0,15019.0,0.49609878906250005,False,REGULAR,USD,2024-11-15
149,NVDA241115C00149000,2024-10-17 15:49:40 EDT-0400,149.0,3.3,3.2,3.3,0.3699999,12.627982,1459.0,5741.0,0.4929249926757813,False,REGULAR,USD,2024-11-15
150,NVDA241115C00150000,2024-10-17 15:59:36 EDT-0400,150.0,3.05,3.0,3.05,0.3599999,13.382895,28625.0,53091.0,0.49219257812500006,False,REGULAR,USD,2024-11-15
151,NVDA241115C00152000,2024-10-17 15:59:53 EDT-0400,152.0,2.55,2.51,2.56,0.28999996,12.831857,1766.0,5037.0,0.4880422290039063,False,REGULAR,USD,2024-11-15
152,NVDA241115C00154000,2024-10-17 15:56:57 EDT-0400,154.0,2.19,2.11,2.16,0.32000005,17.1123,2676.0,6907.0,0.4864553308105469,False,REGULAR,USD,2024-11-15
153,NVDA241115C00155000,2024-10-17 15:59:53 EDT-0400,155.0,1.97,1.94,1.98,0.23000002,13.218391,7829.0,27400.0,0.48560084716796875,False,REGULAR,USD,2024-11-15
154,NVDA241115C00156000,2024-10-17 15:58:37 EDT-0400,156.0,1.82,1.77,1.81,0.25,15.923567,498.0,1885.0,0.4846242944335938,False,REGULAR,USD,2024-11-15
155,NVDA241115C00158000,2024-10-17 15:58:43 EDT-0400,158.0,1.51,1.48,1.52,0.18999994,14.393934,9231.0,4647.0,0.48413601806640627,False,REGULAR,USD,2024-11-15
156,NVDA241115C00160000,2024-10-17 15:59:22 EDT-0400,160.0,1.27,1.25,1.27,0.18999994,17.592587,6007.0,30617.0,0.48340360351562506,False,REGULAR,USD,2024-11-15
157,NVDA241115C00162000,2024-10-17 15:59:43 EDT-0400,162.0,1.07,1.03,1.06,0.18000007,20.224728,623.0,8037.0,0.48340360351562506,False,REGULAR,USD,2024-11-15
158,NVDA241115C00164000,2024-10-17 15:45:47 EDT-0400,164.0,0.96,0.85,0.88,0.22999996,31.506844,256.0,3893.0,0.4831594653320313,False,REGULAR,USD,2024-11-15
159,NVDA241115C00165000,2024-10-17 15:56:34 EDT-0400,165.0,0.81,0.78,0.81,0.120000005,17.391304,2252.0,5603.0,0.48438015625,False,REGULAR,USD,2024-11-15
160,NVDA241115C00166000,2024-10-17 15:59:21 EDT-0400,166.0,0.74,0.71,0.74,0.13,21.311476,591.0,914.0,0.4848684326171875,False,REGULAR,USD,2024-11-15
161,NVDA241115C00167000,2024-10-17 15:59:45 EDT-0400,167.0,0.68,0.65,0.68,0.110000014,19.298248,452.0,1065.0,0.4858449853515625,False,REGULAR,USD,2024-11-15
162,NVDA241115C00168000,2024-10-17 15:31:27 EDT-0400,168.0,0.69,0.6,0.62,0.16000003,30.188684,181.0,934.0,0.48633326171875,False,REGULAR,USD,2024-11-15
163,NVDA241115C00169000,2024-10-17 14:48:27 EDT-0400,169.0,0.7,0.54,0.57,0.17000002,32.075478,136.0,626.0,0.48779809082031256,False,REGULAR,USD,2024-11-15
164,NVDA241115C00170000,2024-10-17 15:59:53 EDT-0400,170.0,0.5,0.5,0.52,0.060000002,13.636364,2050.0,9881.0,0.48828636718750007,False,REGULAR,USD,2024-11-15
165,NVDA241115C00171000,2024-10-17 13:52:22 EDT-0400,171.0,0.66,0.46,0.48,0.28000003,73.68422,64.0,1094.0,0.4897511962890626,False,REGULAR,USD,2024-11-15
166,NVDA241115C00172000,2024-10-17 15:38:10 EDT-0400,172.0,0.48,0.42,0.44,0.07999998,19.999994,257.0,839.0,0.4909718872070313,False,REGULAR,USD,2024-11-15
167,NVDA241115C00173000,2024-10-17 15:04:26 EDT-0400,173.0,0.46,0.38,0.4,0.099999994,27.777775,90.0,446.0,0.49121602539062503,False,REGULAR,USD,2024-11-15
168,NVDA241115C00174000,2024-10-17 14:22:19 EDT-0400,174.0,0.45,0.35,0.37,0.119999975,36.363625,140.0,657.0,0.4931691308593751,False,REGULAR,USD,2024-11-15
169,NVDA241115C00175000,2024-10-17 15:50:49 EDT-0400,175.0,0.37,0.32,0.34,0.09,32.142857,648.0,2665.0,0.4946339599609375,False,REGULAR,USD,2024-11-15
170,NVDA241115C00176000,2024-10-17 15:45:55 EDT-0400,176.0,0.33,0.29,0.32,0.07000002,26.923086,113.0,591.0,0.49805189453125004,False,REGULAR,USD,2024-11-15
171,NVDA241115C00177000,2024-10-17 15:54:59 EDT-0400,177.0,0.3,0.27,0.29,0.07000001,30.434786,18.0,620.0,0.49805189453125004,False,REGULAR,USD,2024-11-15
172,NVDA241115C00178000,2024-10-17 15:39:51 EDT-0400,178.0,0.29,0.25,0.27,0.049999997,20.833332,130.0,1098.0,0.5004932763671875,False,REGULAR,USD,2024-11-15
173,NVDA241115C00179000,2024-10-17 11:44:32 EDT-0400,179.0,0.34,0.23,0.25,0.11,47.826088,53.0,1079.0,0.5024463818359376,False,REGULAR,USD,2024-11-15
174,NVDA241115C00180000,2024-10-17 15:48:00 EDT-0400,180.0,0.23,0.22,0.23,0.040000007,21.052635,380.0,3401.0,0.5019581054687501,False,REGULAR,USD,2024-11-15
175,NVDA241115C00181000,2024-10-17 15:52:52 EDT-0400,181.0,0.2,0.19,0.21,0.010000005,5.2631607,10.0,469.0,0.5009815527343751,False,REGULAR,USD,2024-11-15
176,NVDA241115C00182000,2024-10-17 15:59:25 EDT-0400,182.0,0.19,0.18,0.2,0.030000001,18.75,42.0,694.0,0.5048877636718749,False,REGULAR,USD,2024-11-15
177,NVDA241115C00183000,2024-10-17 13:45:42 EDT-0400,183.0,0.25,0.16,0.18,0.099999994,66.66666,24.0,552.0,0.5039112109375,False,REGULAR,USD,2024-11-15
178,NVDA241115C00184000,2024-10-17 15:52:01 EDT-0400,184.0,0.17,0.15,0.17,0.030000001,21.428572,34.0,586.0,0.506840869140625,False,REGULAR,USD,2024-11-15
179,NVDA241115C00185000,2024-10-17 15:02:12 EDT-0400,185.0,0.19,0.15,0.16,0.060000002,46.153847,72.0,1737.0,0.5117236328125,False,REGULAR,USD,2024-11-15
180,NVDA241115C00186000,2024-10-17 13:20:47 EDT-0400,186.0,0.19,0.13,0.14,0.07,58.333336,66.0,1187.0,0.5097705273437501,False,REGULAR,USD,2024-11-15
181,NVDA241115C00187000,2024-10-17 12:24:58 EDT-0400,187.0,0.17,0.12,0.13,0.050000004,41.66667,72.0,673.0,0.5117236328125,False,REGULAR,USD,2024-11-15
182,NVDA241115C00188000,2024-10-17 14:59:24 EDT-0400,188.0,0.15,0.11,0.13,0.060000002,66.666664,151.0,710.0,0.51562984375,False,REGULAR,USD,2024-11-15
183,NVDA241115C00189000,2024-10-17 09:59:46 EDT-0400,189.0,0.15,0.1,0.12,0.060000002,66.666664,8.0,323.0,0.516606396484375,False,REGULAR,USD,2024-11-15
184,NVDA241115C00190000,2024-10-17 15:15:00 EDT-0400,190.0,0.12,0.1,0.11,0.019999996,19.999994,72.0,6713.0,0.5205126074218749,False,REGULAR,USD,2024-11-15
185,NVDA241115C00191000,2024-10-17 11:04:15 EDT-0400,191.0,0.11,0.09,0.1,0.030000001,37.5,4.0,383.0,0.5205126074218749,False,REGULAR,USD,2024-11-15
186,NVDA241115C00192000,2024-10-17 10:32:58 EDT-0400,192.0,0.12,0.08,0.09,0.04,50.0,7.0,745.0,0.5195360546875,False,REGULAR,USD,2024-11-15
187,NVDA241115C00193000,2024-10-17 15:33:26 EDT-0400,193.0,0.1,0.08,0.09,0.020000003,25.000004,51.0,1722.0,0.5273484765625001,False,REGULAR,USD,2024-11-15
188,NVDA241115C00194000,2024-10-17 13:53:02 EDT-0400,194.0,0.1,0.07,0.08,0.05,100.0,78.0,5840.0,0.52539537109375,False,REGULAR,USD,2024-11-15
189,NVDA241115C00195000,2024-10-17 13:37:24 EDT-0400,195.0,0.1,0.06,0.08,0.030000001,42.857143,24.0,1551.0,0.5273484765625001,False,REGULAR,USD,2024-11-15
190,NVDA241115C00200000,2024-10-17 15:51:43 EDT-0400,200.0,0.06,0.04,0.06,0.009999998,19.999994,3443.0,8424.0,0.5371140039062501,False,REGULAR,USD,2024-11-15
191,NVDA241115C00205000,2024-10-17 15:00:39 EDT-0400,205.0,0.05,0.03,0.04,0.020000001,66.66668,98.0,2244.0,0.5468795312500001,False,REGULAR,USD,2024-11-15
192,NVDA241115C00210000,2024-10-17 13:27:19 EDT-0400,210.0,0.04,0.03,0.04,0.01,33.333336,14.0,1339.0,0.5742230078125,False,REGULAR,USD,2024-11-15
193,NVDA241115C00212000,2024-10-17 15:29:00 EDT-0400,212.0,0.03,0.02,0.03,0.01,50.0,102.0,572.0,0.5664105859375,False,REGULAR,USD,2024-11-15
194,NVDA241115C00213000,2024-10-15 11:10:44 EDT-0400,213.0,0.02,0.01,0.03,0.0,0.0,50.0,246.0,0.5585981640625001,False,REGULAR,USD,2024-11-15
195,NVDA241115C00214000,2024-10-17 11:02:07 EDT-0400,214.0,0.02,0.01,0.03,0.0,0.0,20.0,178.0,0.5625043750000001,False,REGULAR,USD,2024-11-15
196,NVDA241115C00215000,2024-10-14 10:31:02 EDT-0400,215.0,0.03,0.01,0.03,0.0,0.0,223.0,1260.0,0.570316796875,False,REGULAR,USD,2024-11-15
197,NVDA241115C00216000,2024-10-16 13:31:44 EDT-0400,216.0,0.03,0.01,0.1,0.0,0.0,1.0,772.0,0.6367223828125,False,REGULAR,USD,2024-11-15
198,NVDA241115C00217000,2024-10-15 15:03:51 EDT-0400,217.0,0.02,0.01,0.1,0.0,0.0,10.0,99.0,0.6425816992187501,False,REGULAR,USD,2024-11-15
199,NVDA241115C00218000,2024-10-17 13:39:59 EDT-0400,218.0,0.02,0.01,0.02,0.0,0.0,100.0,1074.0,0.570316796875,False,REGULAR,USD,2024-11-15
200,NVDA241115C00219000,2024-10-15 10:14:52 EDT-0400,219.0,0.02,0.01,0.02,0.0,0.0,200.0,444.0,0.5742230078125,False,REGULAR,USD,2024-11-15
201,NVDA241115C00220000,2024-10-17 13:34:40 EDT-0400,220.0,0.01,0.01,0.02,-0.01,-50.0,9.0,1789.0,0.57812921875,False,REGULAR,USD,2024-11-15
202,NVDA241115C00221000,2024-10-15 10:29:41 EDT-0400,221.0,0.01,0.01,0.02,0.0,0.0,1.0,322.0,0.585941640625,False,REGULAR,USD,2024-11-15
203,NVDA241115C00222000,2024-10-15 10:17:50 EDT-0400,222.0,0.01,0.0,0.09,0.0,0.0,15.0,394.0,0.6562534375000001,False,REGULAR,USD,2024-11-15
204,NVDA241115C00223000,2024-10-14 10:38:34 EDT-0400,223.0,0.02,0.0,0.03,0.0,0.0,1.0,369.0,0.5937540625000001,False,REGULAR,USD,2024-11-15
205,NVDA241115C00224000,2024-10-08 14:11:40 EDT-0400,224.0,0.02,0.01,0.02,0.0,0.0,282.0,283.0,0.6015664843750002,False,REGULAR,USD,2024-11-15
206,NVDA241115C00225000,2024-10-14 09:48:24 EDT-0400,225.0,0.01,0.0,0.02,0.0,0.0,1.0,1456.0,0.57812921875,False,REGULAR,USD,2024-11-15
207,NVDA241115C00226000,2024-10-16 09:30:00 EDT-0400,226.0,0.01,0.0,0.09,0.0,0.0,26.0,296.0,0.6757844921875001,False,REGULAR,USD,2024-11-15
208,NVDA241115C00227000,2024-10-17 11:35:38 EDT-0400,227.0,0.01,0.0,0.03,-0.01,-50.0,11.0,928.0,0.6093789062500001,False,REGULAR,USD,2024-11-15
209,NVDA241115C00228000,2024-10-14 15:02:44 EDT-0400,228.0,0.02,0.0,0.02,0.0,0.0,26.0,1573.0,0.5937540625000001,False,REGULAR,USD,2024-11-15
210,NVDA241115C00230000,2024-10-17 14:37:21 EDT-0400,230.0,0.01,0.0,0.01,0.0,0.0,163.0,2915.0,0.57812921875,False,REGULAR,USD,2024-11-15
211,NVDA241115C00235000,2024-10-17 14:37:28 EDT-0400,235.0,0.01,0.0,0.01,0.0,0.0,105.0,1076.0,0.5937540625000001,False,REGULAR,USD,2024-11-15
212,NVDA241115C00240000,2024-10-16 09:30:09 EDT-0400,240.0,0.01,0.0,0.01,0.0,0.0,1.0,1325.0,0.6093789062500001,False,REGULAR,USD,2024-11-15
213,NVDA241115C00245000,2024-10-14 10:17:29 EDT-0400,245.0,0.01,0.0,0.01,0.0,0.0,112.0,998.0,0.6250037500000001,False,REGULAR,USD,2024-11-15
214,NVDA241115C00250000,2024-10-16 10:19:43 EDT-0400,250.0,0.01,0.0,0.01,0.0,0.0,20.0,5460.0,0.6562534375000001,False,REGULAR,USD,2024-11-15
215,NVDA241115C00255000,2024-10-15 10:44:54 EDT-0400,255.0,0.01,0.0,0.01,0.0,0.0,1.0,967.0,0.6718782812500002,False,REGULAR,USD,2024-11-15
216,NVDA241115C00260000,2024-10-17 10:34:57 EDT-0400,260.0,0.01,0.0,0.01,0.0,0.0,1.0,747.0,0.6875031250000001,False,REGULAR,USD,2024-11-15
217,NVDA241115C00265000,2024-10-16 15:12:26 EDT-0400,265.0,0.01,0.0,0.01,0.0,0.0,5.0,3895.0,0.7187528125,False,REGULAR,USD,2024-11-15
218,NVDA241115C00270000,2024-10-11 10:18:23 EDT-0400,270.0,0.01,0.0,0.01,0.0,0.0,200.0,7270.0,0.7187528125,False,REGULAR,USD,2024-11-15
219,NVDA241115C00275000,2024-10-17 10:01:20 EDT-0400,275.0,0.01,0.0,0.01,0.0,0.0,1.0,2714.0,0.7500025,False,REGULAR,USD,2024-11-15
220,NVDA241115C00280000,2024-10-15 15:27:04 EDT-0400,280.0,0.01,0.0,0.01,0.0,0.0,1.0,14412.0,0.7656273437500001,False,REGULAR,USD,2024-11-15
221,NVDA241115C00290000,2024-05-28 15:15:56 EDT-0400,290.0,854.0,923.4,931.1,0.0,0.0,2.0,4.0,0.0,False,REGULAR,USD,2024-11-15
222,NVDA241115C00300000,2024-04-04 15:39:18 EDT-0400,300.0,575.0,594.2,600.75,0.0,0.0,3.0,8.0,0.0,False,REGULAR,USD,2024-11-15
223,NVDA241115C00310000,2024-06-07 09:30:07 EDT-0400,310.0,893.72,903.9,911.65,-3.61005,-0.40231,2.0,27.0,0.0,False,REGULAR,USD,2024-11-15
224,NVDA241115C00320000,2024-05-31 12:06:50 EDT-0400,320.0,775.85,894.25,901.95,0.0,0.0,1.0,2.0,0.0,False,REGULAR,USD,2024-11-15
225,NVDA241115C00330000,2024-02-23 11:54:46 EST-0500,330.0,481.43,623.0,630.25,0.0,0.0,3.0,3.0,0.0,False,REGULAR,USD,2024-11-15
226,NVDA241115C00340000,2024-05-21 14:01:56 EDT-0400,340.0,621.09,874.75,882.5,0.0,0.0,2.0,31.0,0.0,False,REGULAR,USD,2024-11-15
227,NVDA241115C00350000,2024-06-05 10:34:37 EDT-0400,350.0,859.84,865.1,872.8,0.0,0.0,1.0,24.0,0.0,False,REGULAR,USD,2024-11-15
228,NVDA241115C00360000,2024-05-31 09:46:13 EDT-0400,360.0,777.89,856.75,863.05,0.0,0.0,1.0,6.0,0.0,False,REGULAR,USD,2024-11-15
229,NVDA241115C00370000,2024-05-20 15:18:50 EDT-0400,370.0,593.09,847.05,853.25,0.0,0.0,1.0,25.0,0.0,False,REGULAR,USD,2024-11-15
230,NVDA241115C00380000,2024-06-06 12:39:04 EDT-0400,380.0,821.51,835.9,843.7,0.0,0.0,5.0,26.0,0.0,False,REGULAR,USD,2024-11-15
231,NVDA241115C00390000,2024-05-28 11:44:58 EDT-0400,390.0,743.74,827.65,833.95,0.0,0.0,1.0,9.0,0.0,False,REGULAR,USD,2024-11-15
232,NVDA241115C00400000,2024-05-23 12:53:10 EDT-0400,400.0,665.21,817.9,824.25,0.0,0.0,2.0,27.0,0.0,False,REGULAR,USD,2024-11-15
233,NVDA241115C00410000,2024-05-17 14:15:33 EDT-0400,410.0,527.1,808.25,814.6,0.0,0.0,1.0,28.0,0.0,False,REGULAR,USD,2024-11-15
234,NVDA241115C00420000,2024-06-03 13:03:11 EDT-0400,420.0,724.53,797.2,804.9,0.0,0.0,1.0,8.0,0.0,False,REGULAR,USD,2024-11-15
235,NVDA241115C00430000,2024-05-17 15:55:14 EDT-0400,430.0,509.88,788.9,795.2,0.0,0.0,2.0,23.0,0.0,False,REGULAR,USD,2024-11-15
236,NVDA241115C00440000,2024-06-03 10:09:34 EDT-0400,440.0,707.41,779.15,785.4,0.0,0.0,1.0,63.0,0.0,False,REGULAR,USD,2024-11-15
237,NVDA241115C00450000,2024-05-23 11:40:02 EDT-0400,450.0,613.66,769.5,775.85,0.0,0.0,1.0,17.0,0.0,False,REGULAR,USD,2024-11-15
238,NVDA241115C00460000,2024-05-24 13:43:45 EDT-0400,460.0,603.54,759.8,766.15,0.0,0.0,5.0,41.0,0.0,False,REGULAR,USD,2024-11-15
239,NVDA241115C00470000,2024-06-06 09:49:23 EDT-0400,470.0,759.13,750.15,756.5,0.0,0.0,1.0,11.0,0.0,False,REGULAR,USD,2024-11-15
240,NVDA241115C00480000,2024-05-02 15:55:32 EDT-0400,480.0,399.04,624.8,639.8,0.0,0.0,3.0,99.0,0.0,False,REGULAR,USD,2024-11-15
241,NVDA241115C00490000,2024-05-31 12:17:19 EDT-0400,490.0,603.37,729.5,737.2,0.0,0.0,1.0,22.0,0.0,False,REGULAR,USD,2024-11-15
242,NVDA241115C00500000,2024-06-07 15:54:30 EDT-0400,500.0,721.13,720.0,727.55,6.13,0.857343,3.0,67.0,0.0,False,REGULAR,USD,2024-11-15
243,NVDA241115C00510000,2024-06-07 10:21:38 EDT-0400,510.0,696.8,711.6,717.9,44.88,6.88428,1.0,13.0,0.0,False,REGULAR,USD,2024-11-15
244,NVDA241115C00520000,2024-04-25 10:04:46 EDT-0400,520.0,320.65,556.85,563.65,0.0,0.0,1.0,70.0,0.0,False,REGULAR,USD,2024-11-15
245,NVDA241115C00530000,2024-06-03 14:53:30 EDT-0400,530.0,623.1,692.3,698.55,0.0,0.0,3.0,74.0,0.0,False,REGULAR,USD,2024-11-15
246,NVDA241115C00540000,2024-06-04 15:17:20 EDT-0400,540.0,637.93,681.35,689.05,0.0,0.0,1.0,33.0,0.0,False,REGULAR,USD,2024-11-15
247,NVDA241115C00550000,2024-06-06 14:15:56 EDT-0400,550.0,665.0,671.75,679.4,0.0,0.0,1.0,32.0,0.0,False,REGULAR,USD,2024-11-15
248,NVDA241115C00560000,2024-06-05 14:07:07 EDT-0400,560.0,671.32,663.6,669.85,0.0,0.0,1.0,59.0,0.0,False,REGULAR,USD,2024-11-15
249,NVDA241115C00570000,2024-06-04 09:44:02 EDT-0400,570.0,602.45,654.0,660.1,0.0,0.0,3.0,21.0,0.0,False,REGULAR,USD,2024-11-15
250,NVDA241115C00580000,2024-06-06 13:16:08 EDT-0400,580.0,633.45,644.45,650.65,0.0,0.0,1.0,67.0,0.0,False,REGULAR,USD,2024-11-15
251,NVDA241115C00590000,2024-06-06 13:00:01 EDT-0400,590.0,616.0,635.05,641.1,0.0,0.0,1.0,447.0,0.0,False,REGULAR,USD,2024-11-15
252,NVDA241115C00600000,2024-05-30 14:55:02 EDT-0400,600.0,553.95,625.4,631.6,0.0,0.0,1.0,95.0,0.0,False,REGULAR,USD,2024-11-15
253,NVDA241115C00610000,2024-06-06 11:49:03 EDT-0400,610.0,613.55,615.95,622.05,0.0,0.0,2.0,62.0,0.0,False,REGULAR,USD,2024-11-15
254,NVDA241115C00620000,2024-06-06 11:09:35 EDT-0400,620.0,612.2,606.35,612.6,0.0,0.0,1.0,74.0,0.0,False,REGULAR,USD,2024-11-15
255,NVDA241115C00630000,2024-06-07 09:54:09 EDT-0400,630.0,583.8,597.2,602.75,-6.57001,-1.11286,1.0,76.0,0.0,False,REGULAR,USD,2024-11-15
256,NVDA241115C00640000,2024-06-06 09:33:00 EDT-0400,640.0,624.35,587.5,592.85,0.0,0.0,1.0,65.0,0.0,False,REGULAR,USD,2024-11-15
257,NVDA241115C00650000,2024-06-06 12:28:22 EDT-0400,650.0,568.31,578.05,583.4,0.0,0.0,1.0,179.0,0.0,False,REGULAR,USD,2024-11-15
258,NVDA241115C00660000,2024-06-03 11:58:57 EDT-0400,660.0,505.5,568.65,574.15,0.0,0.0,2.0,142.0,0.0,False,REGULAR,USD,2024-11-15
259,NVDA241115C00670000,2024-06-06 10:17:38 EDT-0400,670.0,555.5,559.3,564.55,0.0,0.0,2.0,52.0,0.0,False,REGULAR,USD,2024-11-15
260,NVDA241115C00680000,2024-06-06 14:09:16 EDT-0400,680.0,538.32,550.05,556.05,0.0,0.0,2.0,110.0,0.0,False,REGULAR,USD,2024-11-15
261,NVDA241115C00690000,2024-05-31 12:38:42 EDT-0400,690.0,417.65,540.6,546.65,0.0,0.0,1.0,105.0,0.0,False,REGULAR,USD,2024-11-15
262,NVDA241115C00700000,2024-06-07 09:56:29 EDT-0400,700.0,524.1,531.55,536.8,-2.60004,-0.493647,2.0,500.0,0.0,False,REGULAR,USD,2024-11-15
263,NVDA241115C00710000,2024-05-31 11:49:41 EDT-0400,710.0,412.95,522.05,528.3,0.0,0.0,21.0,203.0,0.0,False,REGULAR,USD,2024-11-15
264,NVDA241115C00720000,2024-06-07 13:41:22 EDT-0400,720.0,518.95,513.0,518.95,67.8,15.0283,2.0,196.0,0.0,False,REGULAR,USD,2024-11-15
265,NVDA241115C00730000,2024-06-04 12:14:56 EDT-0400,730.0,445.75,503.85,509.0,0.0,0.0,2.0,168.0,0.0,False,REGULAR,USD,2024-11-15
266,NVDA241115C00740000,2024-06-04 12:15:06 EDT-0400,740.0,436.7,494.7,500.0,0.0,0.0,2.0,74.0,0.0,False,REGULAR,USD,2024-11-15
267,NVDA241115C00750000,2024-06-07 13:50:27 EDT-0400,750.0,493.17,485.75,491.05,-6.22998,-1.24749,1.0,195.0,0.0,False,REGULAR,USD,2024-11-15
268,NVDA241115C00760000,2024-06-06 09:47:57 EDT-0400,760.0,505.08,475.8,482.35,0.0,0.0,1.0,97.0,0.0,False,REGULAR,USD,2024-11-15
269,NVDA241115C00770000,2024-06-07 09:34:53 EDT-0400,770.0,445.0,466.75,472.95,-27.0,-5.72034,1.0,64.0,0.0,False,REGULAR,USD,2024-11-15
270,NVDA241115C00780000,2024-06-05 15:49:06 EDT-0400,780.0,470.94,460.1,464.95,0.0,0.0,2.0,128.0,0.0,False,REGULAR,USD,2024-11-15
271,NVDA241115C00790000,2024-06-06 15:42:31 EDT-0400,790.0,448.0,450.1,455.85,0.0,0.0,1.0,60.0,0.0,False,REGULAR,USD,2024-11-15
272,NVDA241115C00800000,2024-06-07 13:16:27 EDT-0400,800.0,452.0,441.55,446.35,17.4,4.00368,4.0,236.0,0.0,False,REGULAR,USD,2024-11-15
273,NVDA241115C00810000,2024-06-07 12:55:29 EDT-0400,810.0,437.0,431.6,438.8,15.75,3.73887,2.0,99.0,0.0,False,REGULAR,USD,2024-11-15
274,NVDA241115C00820000,2024-06-04 14:20:21 EDT-0400,820.0,377.55,425.2,429.9,0.0,0.0,4.0,164.0,0.0,False,REGULAR,USD,2024-11-15
275,NVDA241115C00830000,2024-06-06 14:55:43 EDT-0400,830.0,412.48,416.95,421.35,0.0,0.0,1.0,106.0,0.0,False,REGULAR,USD,2024-11-15
276,NVDA241115C00840000,2024-06-06 14:55:43 EDT-0400,840.0,403.83,406.95,412.85,0.0,0.0,1.0,197.0,0.0,False,REGULAR,USD,2024-11-15
277,NVDA241115C00850000,2024-06-07 15:07:07 EDT-0400,850.0,398.98,398.1,403.55,3.43002,0.867153,8.0,397.0,0.0,False,REGULAR,USD,2024-11-15
278,NVDA241115C00860000,2024-06-07 12:16:08 EDT-0400,860.0,384.7,391.6,395.3,0.920013,0.239724,2.0,154.0,0.0,False,REGULAR,USD,2024-11-15
279,NVDA241115C00870000,2024-06-07 12:01:45 EDT-0400,870.0,371.55,383.4,386.35,-6.45001,-1.70635,2.0,133.0,0.0,False,REGULAR,USD,2024-11-15
280,NVDA241115C00880000,2024-06-07 12:11:59 EDT-0400,880.0,369.95,375.2,378.15,8.34003,2.30636,4.0,236.0,0.0,False,REGULAR,USD,2024-11-15
281,NVDA241115C00890000,2024-06-07 15:54:46 EDT-0400,890.0,366.9,367.25,371.5,3.0,0.824402,4.0,77.0,0.0,False,REGULAR,USD,2024-11-15
282,NVDA241115C00900000,2024-06-07 11:54:43 EDT-0400,900.0,347.75,357.25,363.45,-17.25,-4.72603,4.0,961.0,0.0,False,REGULAR,USD,2024-11-15
283,NVDA241115C00910000,2024-06-07 13:19:42 EDT-0400,910.0,359.49,349.1,354.15,2.97998,0.835876,5.0,81.0,0.0,False,REGULAR,USD,2024-11-15
284,NVDA241115C00920000,2024-06-07 13:28:14 EDT-0400,920.0,346.8,340.9,347.3,-5.66,-1.60586,17.0,208.0,0.0,False,REGULAR,USD,2024-11-15
285,NVDA241115C00930000,2024-06-07 13:28:14 EDT-0400,930.0,339.1,334.1,339.85,4.38,1.30856,15.0,186.0,0.0,False,REGULAR,USD,2024-11-15
286,NVDA241115C00940000,2024-06-07 15:56:32 EDT-0400,940.0,327.2,328.3,332.4,12.55,3.98856,22.0,144.0,0.0,False,REGULAR,USD,2024-11-15
287,NVDA241115C00950000,2024-06-07 14:43:44 EDT-0400,950.0,320.0,318.4,324.45,7.10001,2.2691,1.0,209.0,0.0,False,REGULAR,USD,2024-11-15
288,NVDA241115C00960000,2024-06-07 13:31:56 EDT-0400,960.0,318.88,311.2,317.0,0.730011,0.229455,11.0,232.0,0.0,False,REGULAR,USD,2024-11-15
289,NVDA241115C00970000,2024-06-07 13:05:05 EDT-0400,970.0,312.11,303.7,310.15,-1.99002,-0.633563,7.0,213.0,0.0,False,REGULAR,USD,2024-11-15
290,NVDA241115C00980000,2024-06-07 13:38:34 EDT-0400,980.0,303.33,296.25,302.5,-36.21,-10.6644,1.0,383.0,0.0,False,REGULAR,USD,2024-11-15
291,NVDA241115C00990000,2024-06-07 15:54:37 EDT-0400,990.0,290.45,289.4,295.05,-5.04999,-1.70896,11.0,1016.0,0.0,False,REGULAR,USD,2024-11-15
292,NVDA241115C01000000,2024-06-07 13:38:34 EDT-0400,1000.0,289.11,284.75,288.25,0.709991,0.246183,8.0,946.0,0.0,False,REGULAR,USD,2024-11-15
293,NVDA241115C01010000,2024-06-07 12:50:01 EDT-0400,1010.0,275.65,275.35,281.5,-0.77002,-0.278569,13.0,450.0,0.0,False,REGULAR,USD,2024-11-15
294,NVDA241115C01020000,2024-06-07 11:57:44 EDT-0400,1020.0,260.8,268.65,274.45,-15.95,-5.76333,5.0,398.0,0.0,False,REGULAR,USD,2024-11-15
295,NVDA241115C01030000,2024-06-07 15:54:41 EDT-0400,1030.0,263.85,262.1,268.15,1.64999,0.629288,2.0,661.0,0.0,False,REGULAR,USD,2024-11-15
296,NVDA241115C01040000,2024-06-07 12:53:28 EDT-0400,1040.0,257.4,257.4,259.25,1.7,0.66484,9.0,518.0,0.0,False,REGULAR,USD,2024-11-15
297,NVDA241115C01050000,2024-06-07 14:52:40 EDT-0400,1050.0,248.65,251.2,252.75,3.64999,1.48979,14.0,559.0,0.0,False,REGULAR,USD,2024-11-15
298,NVDA241115C01060000,2024-06-07 14:15:03 EDT-0400,1060.0,236.07,244.7,246.45,-7.03,-2.89181,4.0,522.0,0.0,False,REGULAR,USD,2024-11-15
299,NVDA241115C01070000,2024-06-07 09:59:45 EDT-0400,1070.0,227.85,238.4,240.25,-12.15,-5.0625,1.0,93.0,0.0,False,REGULAR,USD,2024-11-15
300,NVDA241115C01080000,2024-06-06 12:10:52 EDT-0400,1080.0,235.0,232.4,234.7,0.0,0.0,4.0,181.0,0.0,False,REGULAR,USD,2024-11-15
301,NVDA241115C01090000,2024-06-07 09:59:45 EDT-0400,1090.0,216.2,226.25,228.15,-11.15,-4.90434,3.0,98.0,0.0,False,REGULAR,USD,2024-11-15
302,NVDA241115C01100000,2024-06-07 15:48:40 EDT-0400,1100.0,222.62,220.35,222.15,11.65,5.52211,20.0,851.0,0.0,False,REGULAR,USD,2024-11-15
303,NVDA241115C01110000,2024-06-05 11:38:58 EDT-0400,1110.0,209.0,214.4,216.95,0.0,0.0,6.0,220.0,0.0,False,REGULAR,USD,2024-11-15
304,NVDA241115C01120000,2024-06-07 15:35:18 EDT-0400,1120.0,209.78,208.95,210.75,0.569992,0.27245,2.0,160.0,0.0,False,REGULAR,USD,2024-11-15
305,NVDA241115C01130000,2024-06-07 09:38:27 EDT-0400,1130.0,195.85,203.3,205.15,-8.34999,-4.08912,3.0,128.0,0.0,False,REGULAR,USD,2024-11-15
306,NVDA241115C01140000,2024-06-07 15:55:09 EDT-0400,1140.0,199.85,198.05,199.75,9.85001,5.18421,3.0,101.0,0.0,False,REGULAR,USD,2024-11-15
307,NVDA241115C01150000,2024-06-07 15:26:46 EDT-0400,1150.0,192.5,192.4,194.55,-1.14,-0.588721,118.0,994.0,0.0,False,REGULAR,USD,2024-11-15
308,NVDA241115C01160000,2024-06-07 12:57:14 EDT-0400,1160.0,191.7,187.0,189.15,8.47,4.62261,1.0,114.0,0.0,False,REGULAR,USD,2024-11-15
309,NVDA241115C01170000,2024-06-07 15:26:46 EDT-0400,1170.0,182.29,182.0,184.0,1.98,1.09811,6.0,101.0,0.0,False,REGULAR,USD,2024-11-15
310,NVDA241115C01180000,2024-06-07 15:19:14 EDT-0400,1180.0,175.25,177.3,179.05,3.25,1.88953,222.0,126.0,0.0,False,REGULAR,USD,2024-11-15
311,NVDA241115C01190000,2024-06-07 15:42:53 EDT-0400,1190.0,176.0,172.05,174.1,6.2,3.65135,12.0,108.0,0.0,False,REGULAR,USD,2024-11-15
312,NVDA241115C01200000,2024-06-07 15:52:39 EDT-0400,1200.0,167.61,167.65,169.0,-5.39,-3.11561,262.0,565.0,0.0,False,REGULAR,USD,2024-11-15
313,NVDA241115C01210000,2024-06-07 15:57:19 EDT-0400,1210.0,162.95,162.85,164.65,-1.19,-0.724992,23.0,106.0,0.0,False,REGULAR,USD,2024-11-15
314,NVDA241115C01220000,2024-06-07 15:59:26 EDT-0400,1220.0,159.25,158.05,160.1,0.850006,0.53662,35.0,117.0,0.0,False,REGULAR,USD,2024-11-15
315,NVDA241115C01230000,2024-06-07 15:34:01 EDT-0400,1230.0,155.03,153.75,155.55,-2.42,-1.53699,21.0,208.0,0.0,False,REGULAR,USD,2024-11-15
316,NVDA241115C01240000,2024-06-07 14:29:49 EDT-0400,1240.0,148.55,149.55,151.25,-2.09999,-1.39395,140.0,98.0,0.0,False,REGULAR,USD,2024-11-15
317,NVDA241115C01250000,2024-06-07 15:18:43 EDT-0400,1250.0,144.55,145.5,146.9,-2.84999,-1.93351,53.0,238.0,0.0,False,REGULAR,USD,2024-11-15
318,NVDA241115C01260000,2024-06-06 13:10:04 EDT-0400,1260.0,138.0,140.85,142.85,0.0,0.0,29.0,86.0,0.0,False,REGULAR,USD,2024-11-15
319,NVDA241115C01270000,2024-06-07 15:30:54 EDT-0400,1270.0,137.75,137.25,138.8,9.75,7.61719,5.0,93.0,0.0,False,REGULAR,USD,2024-11-15
320,NVDA241115C01280000,2024-06-07 15:46:17 EDT-0400,1280.0,135.0,133.1,134.85,-6.60001,-4.66102,11.0,95.0,18.945316579589846,False,REGULAR,USD,2024-11-15
321,NVDA241115C01290000,2024-06-07 14:44:14 EDT-0400,1290.0,130.2,129.7,131.05,0.5,0.385505,9.0,97.0,16.930668771667484,False,REGULAR,USD,2024-11-15
322,NVDA241115C01300000,2024-06-07 14:59:43 EDT-0400,1300.0,126.84,125.6,127.15,-1.56,-1.21495,61.0,1421.0,15.623535391540527,False,REGULAR,USD,2024-11-15
323,NVDA241115C01320000,2024-06-07 11:45:28 EDT-0400,1320.0,113.65,118.4,120.1,-7.1,-5.87992,3.0,95.0,14.098878141326907,False,REGULAR,USD,2024-11-15
324,NVDA241115C01340000,2024-06-07 15:00:36 EDT-0400,1340.0,112.35,111.55,113.2,2.8,2.55591,11.0,104.0,13.053468638458252,False,REGULAR,USD,2024-11-15
325,NVDA241115C01360000,2024-06-07 15:04:46 EDT-0400,1360.0,106.85,105.2,106.5,5.24,5.15697,9.0,333.0,12.259279681701662,False,REGULAR,USD,2024-11-15
326,NVDA241115C01380000,2024-06-07 10:15:07 EDT-0400,1380.0,97.0,99.2,100.65,-0.940002,-0.959774,2.0,169.0,11.643679480514525,False,REGULAR,USD,2024-11-15
327,NVDA241115C01400000,2024-06-07 15:36:33 EDT-0400,1400.0,94.0,93.3,94.7,-3.93,-4.01307,54.0,976.0,11.096438611602784,False,REGULAR,USD,2024-11-15
328,NVDA241115C01410000,2024-06-07 15:35:37 EDT-0400,1410.0,91.3,90.25,91.5,6.25,7.34862,4.0,389.0,10.828372372894286,False,REGULAR,USD,2024-11-15
329,NVDA241115C01420000,2024-06-07 15:37:03 EDT-0400,1420.0,88.8,87.7,89.25,6.22,7.53209,2.0,53.0,10.632937924728395,False,REGULAR,USD,2024-11-15
330,NVDA241115C01430000,2024-06-06 15:35:34 EDT-0400,1430.0,87.25,85.0,86.1,0.0,0.0,7.0,68.0,10.401126546173096,False,REGULAR,USD,2024-11-15
331,NVDA241115C01440000,2024-06-07 15:40:00 EDT-0400,1440.0,83.55,82.4,83.5,4.51,5.70597,4.0,175.0,10.20300655281067,False,REGULAR,USD,2024-11-15
332,NVDA241115C01450000,2024-06-07 15:30:54 EDT-0400,1450.0,80.69,79.95,80.95,-0.839996,-1.03029,30.0,642.0,10.01831428543091,False,REGULAR,USD,2024-11-15
333,NVDA241115C01460000,2024-06-07 15:55:35 EDT-0400,1460.0,78.3,77.35,78.6,-1.05,-1.32325,9.0,212.0,9.84009174057007,False,REGULAR,USD,2024-11-15
334,NVDA241115C01470000,2024-06-07 15:30:54 EDT-0400,1470.0,75.88,75.15,76.2,-1.17001,-1.5185,3.0,55.0,9.679081099014283,False,REGULAR,USD,2024-11-15
335,NVDA241115C01480000,2024-06-07 15:59:55 EDT-0400,1480.0,73.38,72.8,73.95,4.68,6.81223,27.0,392.0,9.521244283599854,False,REGULAR,USD,2024-11-15
336,NVDA241115C01490000,2024-06-07 13:49:16 EDT-0400,1490.0,74.5,70.4,71.7,4.7,6.73352,2.0,285.0,9.36450610031128,False,REGULAR,USD,2024-11-15
337,NVDA241115C01500000,2024-06-07 15:52:05 EDT-0400,1500.0,69.73,68.4,69.45,-0.219994,-0.314501,89.0,814.0,9.224369469146728,False,REGULAR,USD,2024-11-15
338,NVDA241115C01520000,2024-06-07 15:57:45 EDT-0400,1520.0,65.3,64.35,65.8,1.7,2.67296,2.0,88.0,8.97705517059326,False,REGULAR,USD,2024-11-15
339,NVDA241115C01540000,2024-06-07 11:52:53 EDT-0400,1540.0,58.75,60.5,61.95,1.55,2.70979,1.0,402.0,8.734989892196655,False,REGULAR,USD,2024-11-15
340,NVDA241115C01560000,2024-06-07 12:43:39 EDT-0400,1560.0,57.5,56.75,58.0,-3.45,-5.66038,2.0,68.0,8.496952931594848,False,REGULAR,USD,2024-11-15
341,NVDA241115C01580000,2024-06-06 09:54:24 EDT-0400,1580.0,55.5,53.75,54.65,0.0,0.0,1.0,158.0,8.305913011932372,False,REGULAR,USD,2024-11-15
342,NVDA241115C01600000,2024-06-07 15:51:39 EDT-0400,1600.0,51.04,50.2,51.25,-3.06,-5.65619,10.0,246.0,8.096440486602782,False,REGULAR,USD,2024-11-15
343,NVDA241115C01620000,2024-06-06 15:49:38 EDT-0400,1620.0,51.05,47.5,48.05,0.0,0.0,5.0,60.0,7.921875097656249,False,REGULAR,USD,2024-11-15
344,NVDA241115C01640000,2024-06-07 14:47:51 EDT-0400,1640.0,44.99,44.25,45.2,-0.00999832,-0.0222185,109.0,435.0,7.74072298034668,False,REGULAR,USD,2024-11-15
345,NVDA241115C01650000,2024-06-06 13:00:23 EDT-0400,1650.0,41.55,42.95,43.95,0.0,0.0,11.0,81.0,7.666138112640381,False,REGULAR,USD,2024-11-15
346,NVDA241115C01660000,2024-06-06 11:27:57 EDT-0400,1660.0,43.7,41.75,42.95,0.0,0.0,1.0,74.0,7.602661629486084,False,REGULAR,USD,2024-11-15
347,NVDA241115C01670000,2024-06-06 10:49:16 EDT-0400,1670.0,47.23,40.45,41.3,0.0,0.0,4.0,14.0,7.514649044189454,False,REGULAR,USD,2024-11-15
348,NVDA241115C01680000,2024-06-06 11:37:10 EDT-0400,1680.0,41.25,39.1,40.05,0.0,0.0,1.0,35.0,7.437622773284912,False,REGULAR,USD,2024-11-15
349,NVDA241115C01690000,2024-06-07 12:00:31 EDT-0400,1690.0,37.1,38.15,38.9,-0.300003,-0.802147,2.0,26.0,7.376709763488769,False,REGULAR,USD,2024-11-15
350,NVDA241115C01700000,2024-06-07 14:13:09 EDT-0400,1700.0,37.02,36.85,37.85,-1.13,-2.96199,29.0,201.0,7.307129772338866,False,REGULAR,USD,2024-11-15
351,NVDA241115C01710000,2024-06-07 15:36:03 EDT-0400,1710.0,36.7,35.85,36.65,10.38,39.4377,17.0,13.0,7.242188447265626,False,REGULAR,USD,2024-11-15
352,NVDA241115C01720000,2024-06-07 14:46:16 EDT-0400,1720.0,35.8,34.65,35.55,-0.799999,-2.18579,66.0,74.0,7.173462947235108,False,REGULAR,USD,2024-11-15
353,NVDA241115C01730000,2024-06-07 15:36:03 EDT-0400,1730.0,34.6,33.75,34.55,-1.45,-4.02219,14.0,9.0,7.117676884155274,False,REGULAR,USD,2024-11-15
354,NVDA241115C01740000,2024-06-07 15:39:17 EDT-0400,1740.0,33.9,32.75,33.55,2.4,7.61905,7.0,28.0,7.058106646118165,False,REGULAR,USD,2024-11-15
355,NVDA241115C01750000,2024-06-07 14:45:51 EDT-0400,1750.0,33.0,31.85,32.5,-0.25,-0.75188,1.0,79.0,6.999757109680177,False,REGULAR,USD,2024-11-15
356,NVDA241115C01760000,2024-06-07 09:34:50 EDT-0400,1760.0,29.0,30.7,31.6,-1.75,-5.69106,2.0,37.0,6.937501328125,False,REGULAR,USD,2024-11-15
357,NVDA241115C01770000,2024-06-05 15:06:58 EDT-0400,1770.0,33.29,29.85,30.8,0.0,0.0,15.0,18.0,6.888429123840332,False,REGULAR,USD,2024-11-15
358,NVDA241115C01780000,2024-06-07 09:38:15 EDT-0400,1780.0,29.67,28.95,29.85,-0.370001,-1.23169,2.0,214.0,6.831910639801026,False,REGULAR,USD,2024-11-15
359,NVDA241115C01790000,2024-06-07 15:43:55 EDT-0400,1790.0,29.95,28.35,29.0,-2.05,-6.40625,3.0,74.0,6.788941943511964,False,REGULAR,USD,2024-11-15
360,NVDA241115C01800000,2024-06-07 15:59:55 EDT-0400,1800.0,27.73,27.35,28.3,-2.65,-8.72284,32.0,163.0,6.736695915069581,False,REGULAR,USD,2024-11-15
361,NVDA241115C01810000,2024-06-07 13:49:06 EDT-0400,1810.0,29.0,26.85,27.4,-1.98,-6.39122,3.0,11.0,6.694459639739992,False,REGULAR,USD,2024-11-15
362,NVDA241115C01820000,2024-06-07 14:15:03 EDT-0400,1820.0,25.35,25.75,26.6,-1.47,-5.48098,2.0,5.0,6.634034910583497,False,REGULAR,USD,2024-11-15
363,NVDA241115C01830000,2024-06-06 09:52:48 EDT-0400,1830.0,29.0,25.0,25.85,0.0,0.0,1.0,40.0,6.5871599691772476,False,REGULAR,USD,2024-11-15
364,NVDA241115C01840000,2024-06-05 14:02:08 EDT-0400,1840.0,25.9,24.3,25.15,0.0,0.0,1.0,8.0,6.543458851928711,False,REGULAR,USD,2024-11-15
365,NVDA241115C01850000,2024-06-06 11:48:31 EDT-0400,1850.0,25.5,23.7,24.55,0.0,0.0,29.0,31.0,6.506715733795167,False,REGULAR,USD,2024-11-15
366,NVDA241115C01860000,2024-06-05 12:46:51 EDT-0400,1860.0,21.9,22.95,23.8,0.0,0.0,2.0,91.0,6.4582538803100595,False,REGULAR,USD,2024-11-15
367,NVDA241115C01870000,2024-06-05 10:05:31 EDT-0400,1870.0,21.4,22.3,23.15,0.0,0.0,1.0,32.0,6.416750025939941,False,REGULAR,USD,2024-11-15
368,NVDA241115C01880000,2024-05-29 09:43:36 EDT-0400,1880.0,15.0,21.7,22.5,0.0,0.0,1.0,26.0,6.376588943328858,False,REGULAR,USD,2024-11-15
369,NVDA241115C01890000,2024-06-05 10:02:37 EDT-0400,1890.0,20.5,21.1,21.9,0.0,0.0,1.0,24.0,6.337770632476808,False,REGULAR,USD,2024-11-15
370,NVDA241115C01900000,2024-06-07 15:07:22 EDT-0400,1900.0,21.7,20.6,21.25,-0.299999,-1.36363,1.0,421.0,6.300417163543701,False,REGULAR,USD,2024-11-15
371,NVDA241115C01910000,2024-06-07 09:46:25 EDT-0400,1910.0,21.0,20.05,20.75,6.35,43.3447,3.0,20.0,6.266359588928223,False,REGULAR,USD,2024-11-15
372,NVDA241115C01920000,2024-06-07 12:05:17 EDT-0400,1920.0,19.2,19.4,20.15,-2.8,-12.7273,21.0,41.0,6.224123313598632,False,REGULAR,USD,2024-11-15
373,NVDA241115C01930000,2024-06-07 15:27:46 EDT-0400,1930.0,19.73,18.9,19.6,-0.470001,-2.32674,20.0,74.0,6.189211247863769,False,REGULAR,USD,2024-11-15
374,NVDA241115C01940000,2024-06-07 15:27:46 EDT-0400,1940.0,19.22,18.4,19.1,-3.16,-14.1198,129.0,606.0,6.155764024047851,False,REGULAR,USD,2024-11-15
375,NVDA241115C01950000,2024-06-07 12:05:17 EDT-0400,1950.0,17.7,18.0,18.55,-4.15,-18.9931,24.0,66.0,6.123781642150878,False,REGULAR,USD,2024-11-15
376,NVDA241115C02000000,2024-06-07 14:50:36 EDT-0400,2000.0,16.5,15.7,16.3,-2.5,-13.1579,21.0,63.0,5.965822855224609,False,REGULAR,USD,2024-11-15
377,NVDA241115C02050000,2024-06-06 15:50:15 EDT-0400,2050.0,15.5,13.8,14.35,0.0,0.0,4.0,23.0,5.826418732604981,False,REGULAR,USD,2024-11-15
378,NVDA241115C02100000,2024-06-07 10:30:31 EDT-0400,2100.0,12.6,12.2,12.7,-0.379999,-2.92757,1.0,13.0,5.704104432373047,False,REGULAR,USD,2024-11-15
379,NVDA241115C02120000,2024-06-07 09:43:23 EDT-0400,2120.0,12.0,11.3,12.2,0.66,5.8201,1.0,66.0,5.647219737854004,False,REGULAR,USD,2024-11-15
380,NVDA241115C02130000,2024-06-06 10:12:22 EDT-0400,2130.0,13.0,11.0,11.8,0.0,0.0,1.0,15.0,5.617922899475097,False,REGULAR,USD,2024-11-15
381,NVDA241115C02140000,2024-05-29 15:05:01 EDT-0400,2140.0,10.25,10.7,11.6,0.0,0.0,,2.0,5.598391673889159,False,REGULAR,USD,2024-11-15
382,NVDA241115C02150000,2024-06-07 14:33:17 EDT-0400,2150.0,11.32,10.75,11.3,11.32,,101.0,1.0,5.5913116046142575,False,REGULAR,USD,2024-11-15
383,NVDA241115C02160000,2024-06-07 12:21:35 EDT-0400,2160.0,11.5,10.3,11.05,11.5,,228.0,4.0,5.56079406463623,False,REGULAR,USD,2024-11-15
384,NVDA241115C02170000,2024-06-06 09:35:04 EDT-0400,2170.0,14.5,9.95,10.95,14.5,,,3.0,5.542971821289061,False,REGULAR,USD,2024-11-15
385,NVDA241115C02180000,2024-06-06 11:31:38 EDT-0400,2180.0,11.0,9.75,10.6,0.0,0.0,2.0,2.0,5.519290210266114,False,REGULAR,USD,2024-11-15
386,NVDA241115C02190000,2024-05-30 12:04:51 EDT-0400,2190.0,8.27,9.7,10.35,0.0,0.0,2.0,2.0,5.508792176513671,False,REGULAR,USD,2024-11-15
387,NVDA241115C02200000,2024-06-07 14:45:15 EDT-0400,2200.0,10.5,9.6,10.05,0.65,6.59898,5.0,17.0,5.492678915405272,False,REGULAR,USD,2024-11-15
388,NVDA241115C02220000,2024-06-07 10:46:08 EDT-0400,2220.0,10.0,8.75,9.7,-0.75,-6.97674,1.0,1.0,5.437259062805175,False,REGULAR,USD,2024-11-15
389,NVDA241115C02230000,2024-06-06 14:02:01 EDT-0400,2230.0,9.5,8.65,9.45,0.0,0.0,6.0,9.0,5.422854783935545,False,REGULAR,USD,2024-11-15
390,NVDA241115C02250000,2024-06-07 15:55:54 EDT-0400,2250.0,9.1,8.55,9.05,-0.589999,-6.08874,1.0,43.0,5.405032540588378,False,REGULAR,USD,2024-11-15
391,NVDA241115C02260000,2024-06-05 15:52:51 EDT-0400,2260.0,9.41,8.15,8.9,0.0,0.0,16.0,9.0,5.378177105407714,False,REGULAR,USD,2024-11-15
392,NVDA241115C02270000,2024-06-07 09:46:39 EDT-0400,2270.0,9.0,7.9,8.7,0.1,1.1236,1.0,32.0,5.356936897583006,False,REGULAR,USD,2024-11-15
393,NVDA241115C02280000,2024-06-07 15:19:43 EDT-0400,2280.0,8.35,7.75,8.5,-0.299999,-3.4682,2.0,103.0,5.341311917114257,False,REGULAR,USD,2024-11-15
394,NVDA241115C02300000,2024-06-06 11:58:37 EDT-0400,2300.0,8.6,7.7,8.1,8.6,,,51.0,5.324466235046385,False,REGULAR,USD,2024-11-15
395,NVDA241115C02350000,2024-06-07 09:30:49 EDT-0400,2350.0,6.75,6.95,7.4,6.75,,5.0,118.0,5.2585483486938465,False,REGULAR,USD,2024-11-15
396,NVDA241115C02400000,2024-06-07 15:59:54 EDT-0400,2400.0,6.7,6.2,6.65,6.7,,60.0,45.0,5.183353130187989,False,REGULAR,USD,2024-11-15
397,NVDA241115C02500000,2024-06-07 15:59:02 EDT-0400,2500.0,5.5,5.25,5.55,5.5,,12.0,,5.082034897460938,False,REGULAR,USD,2024-11-15
